month_date,category,monthly_revenue
2021-01-01,Clothing,1184415.76
2021-01-01,Shoes,746011.31
2021-01-01,Technology,591150.00
2021-01-01,Cosmetics,68349.46
2021-01-01,Toys,41216.00
2021-01-01,Books,9377.85
2021-01-01,Food & Beverage,8723.64
2021-01-01,Souvenir,7178.76
2021-02-01,Clothing,1069785.20
2021-02-01,Shoes,650584.28
2021-02-01,Technology,516600.00
2021-02-01,Cosmetics,63592.24
2021-02-01,Toys,36986.88
2021-02-01,Food & Beverage,7384.76
2021-02-01,Books,7181.10
2021-02-01,Souvenir,6521.88
2021-03-01,Clothing,1230328.00
2021-03-01,Shoes,691395.84
2021-03-01,Technology,563850.00
2021-03-01,Cosmetics,66804.38
2021-03-01,Toys,41896.96
2021-03-01,Books,9165.75
2021-03-01,Food & Beverage,8483.06
2021-03-01,Souvenir,6510.15
2021-04-01,Clothing,1243231.44
2021-04-01,Shoes,632579.18
2021-04-01,Technology,556500.00
2021-04-01,Cosmetics,63429.60
2021-04-01,Toys,37954.56
2021-04-01,Books,9029.40
2021-04-01,Food & Beverage,9016.52
2021-04-01,Souvenir,7084.92
2021-05-01,Clothing,1192517.92
2021-05-01,Shoes,766417.09
2021-05-01,Technology,564900.00
2021-05-01,Cosmetics,70870.38
2021-05-01,Toys,43223.04
2021-05-01,Food & Beverage,9094.97
2021-05-01,Books,8590.05
2021-05-01,Souvenir,6756.48
2021-06-01,Clothing,1161609.68
2021-06-01,Shoes,637380.54
2021-06-01,Technology,611100.00
2021-06-01,Cosmetics,73188.00
2021-06-01,Toys,39997.44
2021-06-01,Food & Beverage,9654.58
2021-06-01,Books,7529.55
2021-06-01,Souvenir,6779.94
2021-07-01,Clothing,1329054.32
2021-07-01,Shoes,689595.33
2021-07-01,Technology,644700.00
2021-07-01,Cosmetics,70585.76
2021-07-01,Toys,44262.40
2021-07-01,Books,8999.10
2021-07-01,Food & Beverage,8749.79
2021-07-01,Souvenir,6521.88
2021-08-01,Clothing,1112096.48
2021-08-01,Shoes,726205.70
2021-08-01,Technology,661500.00
2021-08-01,Cosmetics,70057.18
2021-08-01,Toys,38133.76
2021-08-01,Food & Beverage,9037.44
2021-08-01,Books,8211.30
2021-08-01,Souvenir,7061.46
2021-09-01,Clothing,1151406.96
2021-09-01,Shoes,640981.56
2021-09-01,Technology,606900.00
2021-09-01,Cosmetics,67820.88
2021-09-01,Toys,40857.60
2021-09-01,Food & Beverage,8101.27
2021-09-01,Books,7938.60
2021-09-01,Souvenir,6299.01
2021-10-01,Clothing,1189817.20
2021-10-01,Shoes,759815.22
2021-10-01,Technology,696150.00
2021-10-01,Cosmetics,70463.78
2021-10-01,Toys,41789.44
2021-10-01,Food & Beverage,9534.29
2021-10-01,Books,8877.90
2021-10-01,Souvenir,5970.57
2021-11-01,Clothing,1268738.24
2021-11-01,Shoes,626577.48
2021-11-01,Technology,516600.00
2021-11-01,Cosmetics,70260.48
2021-11-01,Toys,43151.36
2021-11-01,Food & Beverage,8817.78
2021-11-01,Books,7059.90
2021-11-01,Souvenir,5947.11
2021-12-01,Clothing,1232128.48
2021-12-01,Shoes,674591.08
2021-12-01,Technology,574350.00
2021-12-01,Cosmetics,72659.42
2021-12-01,Toys,41825.28
2021-12-01,Food & Beverage,9581.36
2021-12-01,Books,8105.25
2021-12-01,Souvenir,6486.69
2022-01-01,Clothing,1182615.28
2022-01-01,Shoes,673990.91
2022-01-01,Technology,655200.00
2022-01-01,Cosmetics,74001.20
2022-01-01,Toys,45516.80
2022-01-01,Books,8362.80
2022-01-01,Food & Beverage,8357.54
2022-01-01,Souvenir,8105.43
2022-02-01,Clothing,1083888.96
2022-02-01,Shoes,576763.37
2022-02-01,Technology,535500.00
2022-02-01,Cosmetics,61030.66
2022-02-01,Toys,38384.64
2022-02-01,Books,8226.45
2022-02-01,Food & Beverage,7756.09
2022-02-01,Souvenir,6650.91
2022-03-01,Clothing,1222525.92
2022-03-01,Shoes,770618.28
2022-03-01,Technology,569100.00
2022-03-01,Cosmetics,74448.46
2022-03-01,Toys,42792.96
2022-03-01,Food & Beverage,9539.52
2022-03-01,Books,9256.65
2022-03-01,Souvenir,6908.97
2022-04-01,Clothing,1163410.16
2022-04-01,Shoes,708800.77
2022-04-01,Technology,537600.00
2022-04-01,Cosmetics,70585.76
2022-04-01,Toys,39244.80
2022-04-01,Food & Beverage,9419.23
2022-04-01,Books,8211.30
2022-04-01,Souvenir,6381.12
2022-05-01,Clothing,1201520.32
2022-05-01,Shoes,720204.00
2022-05-01,Technology,624750.00
2022-05-01,Cosmetics,70545.10
2022-05-01,Toys,43509.76
2022-05-01,Food & Beverage,9157.73
2022-05-01,Books,8817.30
2022-05-01,Souvenir,6052.68
2022-06-01,Clothing,1150206.64
2022-06-01,Shoes,734007.91
2022-06-01,Technology,593250.00
2022-06-01,Cosmetics,70789.06
2022-06-01,Toys,40642.56
2022-06-01,Books,8832.45
2022-06-01,Food & Beverage,8796.86
2022-06-01,Souvenir,6580.53
2022-07-01,Clothing,1248032.72
2022-07-01,Shoes,746011.31
2022-07-01,Technology,621600.00
2022-07-01,Cosmetics,67617.58
2022-07-01,Toys,41072.64
2022-07-01,Books,9953.55
2022-07-01,Food & Beverage,8979.91
2022-07-01,Souvenir,6287.28
2022-08-01,Clothing,1165810.80
2022-08-01,Shoes,723204.85
2022-08-01,Technology,602700.00
2022-08-01,Cosmetics,75464.96
2022-08-01,Toys,45015.04
2022-08-01,Books,9589.95
2022-08-01,Food & Beverage,8535.36
2022-08-01,Souvenir,7917.75
2022-09-01,Clothing,1141804.40
2022-09-01,Shoes,688394.99
2022-09-01,Technology,617400.00
2022-09-01,Cosmetics,72822.06
2022-09-01,Toys,41072.64
2022-09-01,Books,8484.00
2022-09-01,Food & Beverage,8373.23
2022-09-01,Souvenir,6557.07
2022-10-01,Clothing,1235129.28
2022-10-01,Technology,710850.00
2022-10-01,Shoes,667989.21
2022-10-01,Cosmetics,76074.86
2022-10-01,Toys,41610.24
2022-10-01,Food & Beverage,8807.32
2022-10-01,Books,8680.95
2022-10-01,Souvenir,6697.83
2022-11-01,Clothing,1113896.96
2022-11-01,Shoes,648183.60
2022-11-01,Technology,542850.00
2022-11-01,Cosmetics,72822.06
2022-11-01,Toys,45911.04
2022-11-01,Food & Beverage,8922.38
2022-11-01,Books,8787.00
2022-11-01,Souvenir,6615.72
2022-12-01,Clothing,1161609.68
2022-12-01,Shoes,720204.00
2022-12-01,Technology,657300.00
2022-12-01,Cosmetics,69203.32
2022-12-01,Toys,42076.16
2022-12-01,Books,9620.25
2022-12-01,Food & Beverage,9230.95
2022-12-01,Souvenir,6193.44
2023-01-01,Clothing,1185316.00
2023-01-01,Shoes,691996.01
2023-01-01,Technology,597450.00
2023-01-01,Cosmetics,78880.40
2023-01-01,Toys,41681.92
2023-01-01,Books,9226.35
2023-01-01,Food & Beverage,9016.52
2023-01-01,Souvenir,6486.69
2023-02-01,Clothing,1142704.64
2023-02-01,Technology,658350.00
2023-02-01,Shoes,628978.16
2023-02-01,Cosmetics,65625.24
2023-02-01,Toys,38814.72
2023-02-01,Books,9211.20
2023-02-01,Food & Beverage,8195.41
2023-02-01,Souvenir,6580.53
2023-03-01,Clothing,312083.20
2023-03-01,Shoes,193854.91
2023-03-01,Technology,143850.00
2023-03-01,Cosmetics,20614.62
2023-03-01,Toys,8064.00
2023-03-01,Food & Beverage,2301.20
2023-03-01,Books,1651.35
2023-03-01,Souvenir,1302.03
